ID,label
6252,1
4684,0
1731,0
4742,1
4521,0
6340,1
576,0
5202,0
6363,1
439,0
2750,0
7487,1
5272,1
5653,1
3999,1
6033,1
582,0
9930,1
7051,1
8158,0
9896,0
2249,0
4640,0
9485,1
4947,0
9920,1
1963,0
8243,1
6590,1
8847,0
321,0
2678,1
4625,1
4949,0
8328,1
3337,0
5589,0
251,0
3973,0
6630,1
5547,0
35,1
8362,1
1513,0
9317,1
39,1
4819,0
3465,1
1760,0
2304,0
3723,0
8284,0
4993,0
8127,0
3032,1
7938,0
3039,1
9655,1
2545,0
2592,0
1188,0
7966,1
6077,1
107,1
1315,1
8187,1
2753,0
9753,1
6231,1
2876,0
5323,0
799,0
3570,1
2894,1
2927,1
8178,1
971,0
6687,1
8575,1
2020,0
9054,0
952,0
5359,0
3857,0
5861,1
3145,1
3305,0
3006,0
9001,1
7770,0
7438,1
7942,0
9238,1
1056,0
3154,0
3787,0
9189,0
7825,1
7539,1
7231,0
764,0
5019,0
4903,0
8093,0
6843,1
2165,0
1862,0
7850,0
9123,0
2340,0
5527,0
6743,1
4003,0
1123,0
8709,1
4049,0
7640,1
765,0
2344,0
4071,1
7216,1
4216,0
7952,1
5970,1
3350,1
4695,0
3399,1
4081,1
9149,1
1224,0
6292,1
3122,0
510,0
5794,0
8181,1
9417,1
96,1
6681,1
1512,0
8791,1
119,1
7791,0
6517,1
33,1
7887,1
6830,1
5421,1
1068,0
1347,1
4747,1
6005,1
6039,1
3817,0
8446,0
5269,1
6897,1
5309,0
31,1
5674,0
4386,0
29,1
4202,0
7507,1
735,0
2067,0
106,1
9644,0
8894,0
8020,0
2232,0
993,0
9412,1
7058,1
6789,1
360,0
304,0
2627,1
8965,1
4513,0
5910,0
8313,0
3100,0
5703,1
3898,0
5440,0
7930,0
621,0
7235,0
2498,0
713,0
8403,1
2855,1
4269,0
2908,0
8080,1
4516,0
1261,0
3160,0
970,0
3912,0
5198,0
8846,1
259,0
3790,0
9202,1
487,0
7907,0
518,0
8342,1
311,0
3231,0
7932,1
7457,1
9783,0
5183,0
8076,0
6501,1
6790,1
7772,0
2737,0
7841,1
6261,1
8205,1
1247,0
9335,1
4194,0
8000,0
7377,1
3434,0
5381,0
958,0
416,0
5741,0
6727,1
4381,0
5196,0
1112,0
2688,0
6472,1
8819,1
7807,0
3410,0
80,1
4613,0
1373,0
1509,0
6442,1
3070,0
3015,1
4822,0
7821,1
92,1
9420,1
6599,1
4442,0
7601,1
3834,0
9701,1
4321,0
3393,0
4751,1
7228,1
9190,0
2360,0
1147,0
5665,1
8074,0
4942,0
3662,0
1562,1
4112,0
9049,1
9275,1
8537,1
794,0
5853,0
7618,1
1593,1
7417,1
5266,1
7146,1
88,1
8694,1
9731,1
9445,1
6753,1
3501,0
2233,0
2802,0
4423,0
5662,0
7169,1
8336,0
2147,0
7968,0
6550,1
7642,1
6163,1
1494,0
7695,1
7093,0
1408,0
6690,1
3400,0
108,1
5635,0
8481,1
6603,1
1090,0
5559,0
9411,0
8142,1
8663,1
6595,1
623,0
6870,1
4813,0
6552,1
7529,1
5795,1
7436,1
4217,0
5940,0
8500,1
6428,1
6826,1
4130,0
7801,1
7753,1
4721,0
1650,0
4140,0
1617,1
2029,0
8517,1
4575,0
3992,0
7376,1
6149,1
4908,0
5026,0
8260,0
4731,0
7548,1
8134,1
1606,1
4773,1
8109,0
6951,1
6004,1
7728,1
3541,1
388,0
1794,0
8731,1
4919,0
5537,0
3872,0
8868,0
2254,0
3412,0
5459,0
4955,0
7396,0
5414,0
7399,1
7414,1
9100,1
4851,0
2025,0
2615,0
7388,1
2926,0
1121,0
2910,0
8146,0
7383,0
3482,1
795,0
1575,1
6176,1
6266,1
2458,0
3312,0
1253,0
6834,1
8794,1
3837,0
4398,0
3595,0
6621,1
8382,1
2124,0
3238,1
5403,0
5998,1
5938,0
2045,0
1578,1
14,1
2673,0
7016,1
8720,1
8849,0
4812,0
1084,0
4983,0
7155,1
2884,0
333,0
7204,1
4367,0
3079,1
7203,1
9909,1
8864,1
263,0
4337,1
8895,0
8447,1
5903,0
1498,0
4190,1
7485,1
9643,1
8310,1
7590,1
500,0
9155,1
9414,1
3095,1
4631,0
367,0
4058,0
8174,1
4630,0
6070,1
2664,0
1026,0
5908,0
5050,0
6328,1
9733,1
1691,1
673,0
5572,1
5766,0
5156,0
733,0
3526,0
568,0
9187,0
2922,0
7911,0
1558,1
101,1
3007,0
7201,1
303,0
76,1
6754,1
8629,1
1208,0
7742,1
8214,1
8944,1
8413,0
1775,0
3473,0
483,0
2189,0
346,0
5481,1
8361,1
1472,0
5100,0
6765,1
8706,1
4929,0
6329,1
2609,0
3,1
2213,0
4827,0
856,0
6977,1
5885,0
624,0
290,1
2018,0
668,0
8921,1
8264,0
9696,1
1631,1
5170,0
7205,1
2522,0
2215,1
6968,1
6496,1
6213,1
7032,1
7420,1
1107,0
450,0
6289,1
9966,1
135,0
1785,0
3404,1
2906,0
8304,0
7492,1
6100,1
4504,1
5053,0
5205,0
4080,1
6918,1
6802,1
5206,1
532,0
4830,0
4038,1
4084,1
3204,0
7110,1
330,0
4957,0
3033,0
7684,1
1597,1
9919,1
3597,0
9038,1
8001,0
590,0
647,0
9102,0
8015,1
3771,0
9039,0
5082,0
7882,1
9362,1
4210,0
8834,1
8699,1
1795,0
2586,0
8355,0
2316,0
4185,0
8827,1
7072,1
5234,0
8743,1
8670,1
4768,1
9972,0
7144,1
2913,0
9871,0
9893,0
2075,0
4302,0
5822,0
2149,0
144,0
4963,0
8159,1
9030,0
4775,1
8933,1
7749,1
9828,1
9214,1
6060,1
9475,1
6409,1
3317,0
7464,1
3061,1
1355,0
4514,0
5505,0
5250,1
4511,0
1730,1
1758,0
6650,1
6646,1
9860,1
4139,1
9393,1
5123,0
0,1
1864,1
543,0
349,0
6906,1
9765,1
2523,0
3464,0
457,0
3023,1
7261,0
9515,1
7872,0
6625,1
2534,1
131,0
3704,0
1372,1
6200,1
4856,0
4712,1
5544,1
1413,0
4113,0
655,0
8137,1
4098,1
592,0
8708,1
3123,0
3047,0
3887,0
5735,1
2184,0
2145,0
7047,1
3105,1
9233,0
9096,1
2769,0
5221,0
5833,1
1732,0
265,0
5144,0
8267,1
3937,0
761,0
7220,0
8439,1
3257,0
4338,0
4362,0
316,0
8069,0
1851,0
2484,0
9873,0
9574,1
1078,0
8358,0
7333,0
1071,0
103,1
5748,0
1418,0
1658,0
5284,1
1149,0
7150,1
1568,1
1087,0
6085,1
8674,1
8341,0
7811,1
6084,1
8773,1
8757,1
1692,0
4734,0
3387,0
3646,0
1683,0
8,1
6062,1
6516,1
4123,0
8729,1
6045,1
567,0
9161,0
1803,0
8501,1
4900,0
1599,1
7931,1
9547,1
2823,0
5467,0
3529,0
8683,1
1155,0
6547,1
9088,0
7620,1
8296,0
4540,0
9134,0
6482,1
5826,0
1190,0
7444,1
8520,1
960,0
7454,1
36,1
7516,1
7644,1
4438,0
6161,1
7744,1
9587,1
8119,0
6967,1
5718,0
577,0
9833,1
4102,1
7646,1
4151,1
3130,0
4890,0
9975,1
7471,1
1833,0
9148,1
4891,1
2287,0
1330,1
2771,0
3686,0
8283,0
5928,0
637,0
47,1
2602,0
1965,1
2168,1
5049,0
3334,0
3019,0
8764,1
9176,1
1360,0
5798,0
9400,1
3251,0
6300,1
2251,0
6027,1
1175,0
8799,1
3279,0
2973,0
3396,1
6939,1
965,0
8574,1
742,0
7514,1
3314,0
4898,0
9340,1
4672,0
8618,1
1217,0
4397,0
6080,1
2614,0
2620,0
8714,1
7282,0
3379,0
7301,0
9857,0
5605,0
9813,0
5786,0
8518,1
6850,1
1516,0
5098,0
7636,1
9085,1
8023,0
2392,1
586,0
3519,0
7653,0
8946,1
850,0
335,0
6634,1
8972,1
7493,1
2868,0
4872,1
3550,1
3842,0
7262,0
5824,0
23,1
1453,0
1684,0
2310,0
9063,1
9406,1
381,0
5814,0
5550,1
9308,1
1618,1
789,0
5983,1
8672,1
4475,0
5606,0
9312,1
5648,0
6216,1
2286,0
9993,0
7578,1
1183,0
6001,1
5090,0
2516,0
4122,0
5521,0
5627,0
8360,0
5872,1
8612,1
7727,0
5968,1
1180,0
8762,1
8235,0
2818,1
9964,0
8703,1
6608,1
2820,0
7535,1
2260,0
2239,1
6021,1
782,0
932,0
6202,1
2412,0
6997,1
9115,0
1156,0
8107,0
5805,0
4879,0
3309,0
8961,1
1702,0
2492,0
3706,0
8276,0
286,0
1608,1
6631,1
8278,0
7315,0
2252,0
7415,1
8365,0
1891,1
5062,0
6120,1
563,0
291,0
4716,1
7708,0
6349,1
169,0
267,0
4638,0
7077,1
3355,0
8279,1
315,0
6728,1
9495,1
4067,1
245,0
252,0
1111,0
4801,0
1713,0
50,1
1835,0
7896,1
3383,0
6410,1
4313,0
872,0
1254,0
8881,1
5851,0
5702,0
8103,1
2098,0
5128,0
248,0
6561,1
1339,1
7017,1
2110,1
1569,1
1726,0
8384,1
6940,1
4395,0
2420,0
3045,0
5503,0
3703,0
8191,0
5331,1
9808,1
447,0
7894,1
8728,1
7828,0
1768,0
6808,1
4704,0
3869,0
1655,0
3187,1
683,0
4170,1
4477,0
461,0
5764,0
7522,1
4502,0
9709,1
318,0
1145,0
5094,0
1393,0
6623,1
1501,1
6408,1
376,0
410,0
1660,0
3151,1
1623,1
5609,0
8532,1
5802,0
5306,0
7086,1
8897,1
7488,1
9615,0
9217,0
1672,1
2358,0
8467,1
274,0
2473,0
5489,0
4771,1
2107,0
7500,1
4414,0
8138,0
8660,1
8239,0
2417,0
8771,1
2236,1
3767,0
9791,0
9989,1
9965,1
7323,0
1383,0
3101,0
3921,0
6685,1
3194,1
1941,0
7713,0
4896,0
4782,0
1496,1
1957,0
9171,0
9745,0
7332,0
7949,1
3017,1
6746,1
513,0
3934,0
3025,0
1199,0
5028,0
9784,1
921,0
4649,1
5332,0
1076,0
6768,1
9410,1
1671,0
474,0
9186,1
8839,1
5758,1
6297,1
2478,1
5493,0
3914,0
2138,0
5454,0
5379,0
8985,1
4023,1
3485,0
2455,1
2464,0
8696,1
1369,0
6688,1
7456,1
9974,0
1901,1
4871,0
4710,0
7886,1
1793,0
2874,0
6217,1
5213,1
2245,1
1741,1
1020,0
705,0
4294,1
5576,0
7166,1
8177,1
908,0
5193,0
3077,1
9366,1
594,0
5304,0
440,0
7606,1
4092,1
6134,1
10,1
3776,0
8999,0
3708,0
3780,0
93,1
9239,1
3949,0
5785,0
4870,0
4802,0
4867,0
292,0
7888,1
7405,1
5595,0
2886,0
6454,1
2542,0
1765,1
6800,1
1877,1
1981,0
9729,1
9608,1
2685,0
8930,1
3458,1
4541,0
2178,1
4450,0
3859,0
7623,1
7654,1
4519,0
2517,0
4836,0
2885,0
7281,0
6255,1
4539,1
5639,0
9459,1
3481,0
1277,0
3146,1
8262,1
3205,1
9892,0
2742,0
6076,1
4047,1
5731,0
2945,0
5790,0
6794,1
6543,1
700,0
3574,1
7699,1
2515,1
3000,0
5820,0
8581,1
3684,0
2995,1
4252,0
3411,0
7962,1
6309,1
8611,1
5012,0
7750,1
5979,1
4048,0
4899,0
1318,1
9772,1
9137,0
7142,1
1897,1
7465,1
603,0
2846,0
8207,1
393,0
4436,0
9447,1
7234,0
5398,0
95,1
1662,1
8970,1
5130,0
1488,0
8316,0
2707,0
1595,1
9277,1
2377,0
5140,0
6147,1
8241,1
3948,0
3933,0
4797,0
4372,0
9862,1
8242,0
3448,0
2943,0
2465,0
8582,1
5506,1
2698,0
2447,0
19,1
2748,0
5399,0
8078,1
6871,1
4708,1
9476,1
809,0
7477,1
2273,0
1923,0
1470,0
7934,1
7407,1
2406,0
1142,0
1747,0
5709,1
4975,0
7300,1
8148,1
2833,0
3131,0
1310,1
8650,1
6774,1
6756,1
620,0
2701,1
2199,0
6196,1
8824,1
1046,0
5768,0
9947,1
9019,1
743,0
222,0
3149,0
625,0
9334,1
7566,1
4582,1
5711,0
3284,0
7585,1
9646,0
1530,1
9685,1
353,0
2474,0
8013,1
6475,1
6449,1
239,0
2625,0
9786,0
7198,1
7692,0
2997,0
6440,1
4562,0
8614,1
1479,0
1018,0
3094,0
6182,1
4960,0
8492,1
1103,0
6081,1
9525,1
5190,0
4181,1
4467,0
1626,1
6717,1
3798,0
3053,0
2867,0
1432,0
7983,1
9346,1
9419,1
4076,1
217,1
3555,1
7936,0
8421,1
1034,0
3773,0
4132,0
2335,1
6492,1
1482,0
906,0
6088,1
6466,1
5676,0
2770,1
1805,1
7374,0
2114,0
4534,0
2531,0
8525,1
3470,1
1402,0
852,0
3082,0
8024,0
7565,1
5529,1
7854,1
4932,0
5159,1
9715,1
3846,0
6483,1
747,0
3034,0
347,0
3351,0
2864,0
2167,0
6954,1
6209,1
2777,0
1441,0
5657,0
9657,1
3027,1
6117,1
2483,1
2882,0
5561,1
763,0
6481,1
1616,1
1222,0
8664,1
6221,1
1576,1
9391,1
6350,1
3782,0
4374,0
708,0
509,0
2954,0
7537,1
6338,1
8922,1
7063,1
7162,1
7371,0
6828,1
3615,0
4656,0
6975,1
4350,0
711,0
6478,1
9129,0
8204,1
9203,1
712,0
9112,0
1245,0
9785,1
6848,1
5133,0
715,0
3463,1
4394,1
4568,0
8803,1
8489,1
7701,0
212,0
9767,1
6838,1
1010,0
323,0
5396,1
5990,1
3172,1
334,0
8305,0
2210,0
4271,0
6740,1
233,0
5950,1
5737,0
7921,0
2348,1
2036,0
7484,1
6006,1
4553,0
8072,1
1458,1
3288,0
3064,0
9436,1
774,0
6832,1
871,0
8749,1
1263,0
4833,0
3894,0
6323,1
9212,0
7019,1
1220,1
1446,0
3184,1
408,0
4344,0
3021,0
2303,0
6271,1
8280,1
6641,1
6955,1
2109,1
5351,0
9683,1
8343,0
4549,0
1880,0
5945,0
1737,0
7793,1
5212,0
3208,0
7082,1
2055,1
1688,1
4779,1
7475,1
7876,1
6749,1
8555,1
8122,0
6990,1
8266,0
8539,1
3392,0
6325,1
3528,0
4604,0
7023,1
6321,1
745,0
710,0
379,0
8782,1
3011,0
8858,1
7152,1
8566,1
3497,0
3889,0
4484,0
4011,0
2619,0
6670,1
6512,1
3467,1
1313,1
8605,1
2069,0
2982,0
5914,0
9170,1
1285,0
8990,1
8429,0
1349,1
2611,0
9494,1
3668,0
2221,1
427,0
653,0
9913,1
3535,1
7736,1
3245,0
4740,1
9068,1
4099,1
4100,1
6959,1
611,0
4288,1
8570,1
9712,1
1543,1
9535,1
3853,0
554,0
6365,1
511,0
3206,0
8084,0
967,0
6043,1
6879,1
6775,1
3295,0
8701,1
3429,1
8870,1
6962,1
2088,0
8499,1
6162,1
3210,0
9200,0
6605,1
1109,0
5728,0
7829,0
1038,0
1194,0
4474,0
9874,0
2122,0
4982,0
8973,1
5700,0
934,0
6101,1
4689,0
394,0
4685,0
8776,1
9165,0
5980,1
9942,1
2191,0
1297,0
5044,0
1162,0
4254,0
6372,1
1527,0
4342,0
2030,1
3060,0
58,1
2405,0
5006,0
6157,1
7375,1
4506,0
5214,1
6029,0
1780,1
5447,0
4606,0
6914,1
676,0
3582,0
3653,0
7920,1
9499,1
2732,0
4787,0
2754,0
2337,1
3643,0
7737,0
5516,0
5246,1
866,0
4447,0
5071,0
4881,0
9510,1
3002,0
2225,1
9056,0
4826,0
7621,1
9689,1
5500,0
9700,1
8478,1
5502,0
1210,0
9083,1
2288,0
2183,0
2862,1
6861,1
2362,0
8463,1
6332,1
4064,1
9546,1
617,0
3281,0
5226,0
3397,0
3065,0
766,0
7078,1
5279,1
4149,0
1144,0
4248,0
4110,0
462,0
2932,1
4623,0
3813,0
6308,1
4341,0
5300,1
6804,1
3282,0
2574,0
7961,1
7879,1
828,0
6486,1
7599,1
2540,0
5746,0
8526,1
9566,1
3742,0
7498,1
3524,0
20,1
1915,1
6571,1
9018,1
2012,0
5405,0
1295,0
3745,0
591,0
1406,0
221,0
5617,0
6248,1
4418,0
858,0
1783,1
7259,0
6856,1
1954,0
1746,0
3132,0
8036,1
8850,1
994,0
6108,1
730,0
6974,1
6273,1
6751,1
3509,0
3533,1
2513,0
5436,0
3625,0
465,0
6755,1
6759,1
7991,1
157,0
3960,1
8832,1
5470,0
185,0
1002,0
9508,1
5623,0
400,0
6240,1
8940,1
9932,0
7342,0
9832,1
8466,1
8756,1
7958,1
1250,1
3143,0
7430,1
59,1
7855,0
1113,0
3057,0
9569,1
1328,0
4995,0
6682,1
2072,1
4793,0
6829,1
9629,1
8218,0
7567,1
5922,0
1550,1
1009,0
3755,0
8681,1
9342,1
8009,0
3860,0
3148,0
2519,0
3127,1
9084,1
5316,0
1195,0
9050,0
879,0
6989,1
2487,0
2840,0
4329,1
2930,1
6424,1
2485,0
5747,0
883,0
4914,0
6210,1
9578,1
211,0
2275,0
2328,0
4950,0
3319,1
9834,1
4607,0
1438,1
467,0
5466,0
3329,0
5828,0
8607,1
696,0
7267,1
9144,1
8180,0
9938,0
1314,0
2301,0
2039,0
7108,1
3666,0
914,0
12,1
8583,1
6427,1
1536,1
736,0
8201,1
8652,1
453,0
4345,0
927,0
6291,1
8281,1
8722,1
6473,1
37,1
5770,0
2554,0
7632,1
9998,0
6620,1
940,0
7398,1
6128,1
9829,1
2680,0
4354,0
3058,1
7880,0
738,0
538,0
3325,1
4239,0
1400,0
4046,1
5137,0
4229,0
4191,0
9142,0
5538,1
2692,0
5340,0
9917,0
7670,1
9173,1
1807,0
5111,0
3989,0
3455,0
2907,0
6651,1
8287,1
6244,1
2697,0
4016,1
4339,0
4645,0
7739,1
7091,1
4692,0
1739,0
5406,0
4588,0
3125,0
2157,0
5333,0
8636,1
1825,0
4230,1
3487,0
9053,0
9768,1
3647,0
5902,0
6385,1
5638,0
6423,1
7826,0
7743,1
3012,0
7671,0
9548,1
9977,1
3080,0
3520,1
4978,0
7619,1
4347,1
8440,0
1346,0
7087,1
8947,1
5651,0
8081,1
1791,0
7428,1
9579,1
9959,1
2270,0
9766,1
2955,1
3443,1
7735,0
833,0
6498,1
2991,0
7792,0
2150,0
4022,0
7614,1
6123,1
3338,0
4343,1
4463,0
2375,0
9043,0
5570,0
8598,1
8503,1
8879,0
1886,0
1197,0
6426,1
8910,1
2935,0
6341,1
1429,0
6306,1
3649,0
1937,0
5171,0
7763,1
6392,1
1153,0
6249,1
7036,1
4228,1
4974,0
6400,1
3639,0
3971,1
9593,1
3375,0
2486,0
6953,1
605,0
7443,1
5927,1
2453,0
3608,0
1483,0
4518,0
3037,0
9351,1
7691,0
4115,0
1426,0
496,0
3352,0
8793,1
758,0
837,0
4326,0
2127,0
1022,0
8761,1
5613,0
5580,1
1057,0
9541,1
6855,1
7348,1
9044,1
2128,0
2766,0
2108,0
3616,0
1544,1
6913,1
1718,0
7434,1
7364,1
6234,1
724,0
6672,1
8028,0
5491,0
1127,0
2956,0
5155,0
4816,0
6201,1
6223,1
8685,1
7113,1
5274,1
8535,1
3043,1
6911,1
149,0
7573,1
4205,0
5492,0
2689,0
4220,0
9101,1
841,0
8136,0
6437,1
9699,1
6199,1
2794,0
7625,1
8474,1
7889,1
6607,1
9194,1
8247,0
1392,0
1921,0
7018,1
3621,0
4848,0
2291,0
2133,1
550,0
1740,0
5289,0
1817,1
4698,0
5181,0
3018,0
17,1
1770,0
1888,0
2152,0
1642,1
7846,0
4193,1
9432,1
8898,0
533,0
132,0
7722,1
8458,1
964,0
8719,1
6412,1
8285,0
7853,1
1095,0
6929,1
9254,1
1561,1
1670,1
6087,1
6669,1
5933,0
8829,1
7945,1
3508,0
2002,1
5866,1
168,0
2588,0
5905,0
9529,1
6384,1
7824,1
9779,1
4629,1
8560,1
9291,1
6874,1
6521,1
8979,1
6647,1
9825,0
210,0
5278,1
1919,1
718,0
4868,0
7834,1
1298,1
9193,0
4617,0
3128,0
9795,0
3979,0
9924,0
8317,0
4393,0
1287,0
4355,0
7013,1
3885,0
5749,0
9169,0
2407,1
2013,1
5153,0
8551,1
4376,0
8822,1
4273,1
5825,0
6699,1
7243,1
449,0
2227,1
5756,1
810,0
4180,0
9000,0
5438,1
7533,1
6369,1
8416,1
1477,1
1790,1
2008,1
682,0
2816,1
9431,1
3774,0
6495,1
8878,1
7361,0
8366,1
7474,1
46,1
30,1
8250,0
6935,1
1468,0
1665,0
1416,0
6480,1
4852,0
2470,0
4373,0
8524,1
429,0
5244,1
2119,0
385,0
1945,1
4224,1
473,0
2129,1
6556,1
6998,1
1055,0
3274,1
4961,0
5363,1
5816,0
811,0
4573,0
6137,1
2388,1
9648,0
6225,1
111,1
8909,1
1745,0
7851,0
1452,0
319,0
8593,1
3333,1
1922,0
5865,0
9528,1
3685,0
4275,0
4889,0
5225,0
7472,1
3605,0
1052,0
4156,0
9676,1
99,1
7508,1
1456,0
7688,0
4004,0
6866,1
4509,0
3299,0
3799,0
4281,0
9051,1
6462,1
7912,1
1414,1
540,0
5815,0
8199,0
3680,0
754,0
4196,0
2650,0
4522,0
9519,1
3118,1
3728,0
3886,0
7107,1
8068,1
7325,1
8483,1
8767,1
6500,1
8426,0
7963,0
601,0
9249,1
8919,1
6814,1
5411,0
8747,1
5522,0
1044,0
7334,1
1557,1
3739,0
3522,0
180,0
2115,0
1699,1
1379,0
7229,1
9143,1
618,0
3181,1
9851,0
1600,1
5963,1
1615,1
5920,0
9591,1
3891,0
2083,0
4574,0
5594,0
5121,0
4587,0
4902,0
8252,0
5916,0
5129,0
8334,1
1918,0
8330,1
5707,0
5384,1
6336,1
2054,0
7612,1
9209,1
3963,0
1126,0
3428,0
4601,0
3721,0
2389,0
1322,0
1603,1
7224,1
7425,1
4336,0
5593,0
4411,0
5858,1
9343,1
3991,0
6079,1
1559,1
4682,0
7557,1
3772,0
8779,1
3457,0
8383,1
1354,1
45,1
9872,0
748,0
7917,1
4241,1
5628,0
4657,1
4238,0
3460,1
7381,0
5549,0
7075,1
5838,0
8091,0
5474,0
3614,0
7501,1
7053,1
7367,0
8019,1
9638,1
9055,0
664,0
2319,0
3542,1
3677,0
9599,1
3091,1
675,0
8676,1
4884,0
8079,1
1962,1
1840,1
7168,1
9898,1
3538,1
8026,0
4866,0
4174,0
8088,0
4377,1
6211,1
4766,1
411,0
613,0
6126,1
5210,0
1430,0
2425,0
8841,1
3833,0
4718,0
7185,1
1417,0
7199,0
604,0
1272,0
3964,0
6367,1
8746,1
247,0
9226,0
1982,0
2835,0
5375,1
199,0
485,0
6083,1
8956,1
455,0
9798,1
8826,1
6515,1
1721,1
7050,1
6382,1
8165,0
5767,1
5809,1
4626,1
862,0
2094,0
947,0
5641,1
1444,0
1280,0
3110,0
8952,1
7609,1
5135,0
3016,0
2302,0
2004,0
4580,0
8704,1
1005,0
5138,0
4317,0
6558,1
4387,0
2132,1
4265,0
2057,1
5386,0
229,0
2889,0
4472,0
6064,1
7924,1
7649,0
8381,0
209,0
2758,1
8471,1
2948,1
7116,1
6330,1
1728,0
4176,0
337,0
4984,0
6878,1
7248,0
8452,1
1226,0
7608,1
6827,1
3540,1
5868,0
2111,0
2691,0
7153,0
3707,0
1017,0
8511,1
2807,0
5015,0
1928,1
350,0
5173,1
4192,1
1934,0
6901,1
4823,0
564,0
1582,1
4694,0
2175,0
7028,1
4880,0
2228,0
1115,0
3126,0
3544,1
5048,0
7476,1
821,0
6532,1
2272,0
5545,0
81,1
1323,1
9405,1
1614,1
831,0
3883,0
8641,1
4464,0
5339,1
8066,0
1649,1
4065,1
9665,0
3038,0
3320,0
7143,1
6889,1
5092,0
3720,0
2423,0
749,0
5271,1
2373,0
4693,1
9879,0
8370,0
7319,1
4368,0
6785,1
7401,1
1139,0
7631,1
2231,0
2164,0
5217,0
9444,1
9237,1
4561,1
1570,1
172,0
7163,1
2087,0
4667,1
4565,0
7089,1
6569,1
4783,0
2684,0
1832,1
8546,1
5065,0
9130,0
9355,1
4412,0
7207,1
9890,1
834,0
6821,0
3781,0
9012,1
7499,1
3424,0
65,1
2963,0
5669,0
8962,1
354,0
8171,0
4030,0
8534,1
3651,0
6739,1
3297,1
4127,0
8043,0
4767,1
472,1
3761,0
8617,1
3566,1
2760,1
868,0
9382,1
8688,1
4052,0
6130,1
3244,0
4842,0
9330,1
5640,0
5780,1
8540,1
1075,0
2957,1
6752,1
8657,1
7272,1
4759,1
4862,0
7025,1
7647,1
7161,1
73,1
4901,0
4375,0
6698,1
9805,1
1101,0
9537,1
7655,1
5235,0
5165,0
118,1
2022,0
9885,1
2638,0
2034,0
2564,0
8665,1
3543,1
1219,0
9714,1
6711,1
2903,0
3026,0
2510,0
4201,0
3207,1
4489,1
2755,0
8889,1
177,0
1643,1
9292,1
3518,0
1374,0
1720,0
3995,0
3688,0
2264,0
87,1
2848,0
8687,1
403,0
9900,1
4077,1
6835,1
6537,1
2456,0
2751,0
2214,0
1027,0
9703,1
1421,1
2436,0
4277,1
9609,1
1278,0
6220,1
4907,0
5064,0
1978,0
1061,0
5014,0
4535,0
6993,1
9253,1
1502,0
8568,1
9314,1
8836,1
8920,1
4918,0
678,0
5076,0
8064,1
7568,1
102,1
957,0
8556,1
3785,0
9630,1
7173,1
4043,0
2648,0
6000,1
7927,1
2826,1
4094,1
7774,0
9258,1
8113,0
4772,1
1947,0
6109,1
2299,0
7844,0
4382,0
5425,0
6771,1
8578,1
4291,0
528,0
1233,0
779,0
5859,1
3059,0
8587,1
1860,0
8438,0
7403,1
4639,0
4250,0
1992,0
7379,1
7305,1
5303,0
8192,1
7447,1
2471,0
7197,1
5312,0
9035,1
1396,0
4002,0
5371,0
3235,0
1042,0
3298,1
7256,1
257,0
7286,0
8616,1
7816,0
5843,0
2089,1
7702,1
503,0
5265,1
8814,1
1345,0
8455,1
5046,0
2248,0
4981,0
372,1
8454,1
3370,0
2006,0
3656,0
8327,0
7521,1
4001,0
6072,1
8736,1
997,0
8179,1
3290,0
1176,0
551,0
744,0
7223,0
4554,0
2859,0
8820,1
3459,0
2724,0
6847,0
7615,1
7547,1
9174,0
6393,1
5358,0
9488,1
2968,1
693,0
2533,1
6399,1
982,0
5364,0
79,1
4053,1
6258,1
9576,1
9025,0
3107,0
3601,1
6073,1
8126,1
2142,1
6310,1
2268,0
445,0
4883,0
4466,1
9026,0
6632,1
3316,0
1701,0
2526,0
68,1
1168,0
48,1
1053,0
4029,0
880,0
2651,0
7759,1
2439,0
4924,0
1467,1
7292,1
5035,0
2441,1
6554,1
230,0
1320,0
41,1
777,0
8950,1
8404,0
1729,0
3910,0
579,0
9941,1
5839,0
8271,1
7275,0
1491,0
9109,0
5610,0
61,1
5471,0
3905,0
6531,1
402,0
332,0
2084,0
9557,1
164,1
4379,1
2715,0
8923,1
7346,1
5453,0
7046,1
1334,0
8698,1
1659,0
3578,1
753,0
6584,1
706,0
3014,0
8558,1
9875,0
9582,1
8928,1
9556,1
8983,0
1834,0
2996,0
5427,0
3879,0
7156,1
5081,0
9114,1
7244,0
5400,0
5395,1
9427,1
2246,0
835,0
8394,0
9042,1
432,0
3378,0
6817,1
8131,1
9621,0
6066,1
1193,0
6934,1
5461,0
3071,1
3044,0
3263,0
2729,0
3433,0
433,0
3272,0
7001,1
9726,1
104,1
3315,0
1656,1
1533,1
4680,0
8813,1
9002,1
6622,1
1443,0
214,0
5356,0
9218,1
6322,1
4989,0
1419,0
9516,1
8606,1
181,0
4352,0
8700,1
2446,0
5321,0
8045,1
5684,0
3532,0
8244,1
7976,1
3698,0
70,1
544,0
1204,0
3078,0
9106,0
9120,1
9680,1
6180,1
8329,0
4284,0
4007,1
8713,1
877,0
8060,1
196,0
9746,0
4010,0
9962,1
2571,0
3753,0
9247,1
8628,1
9368,1
6159,1
4791,0
5337,0
3024,0
2718,0
8655,1
6916,1
3984,0
7308,0
5953,1
3844,0
2682,1
4024,0
8715,1
3139,0
4237,0
218,0
6618,1
9606,0
5268,1
2543,0
2870,1
1244,0
420,0
6227,1
2058,0
8493,1
6434,1
3422,0
4510,0
1166,0
254,0
415,0
9175,0
3469,0
3050,0
759,0
1385,1
654,0
1201,0
2413,0
5579,0
5993,1
5294,0
3055,0
2830,1
2970,0
328,0
4270,0
5994,1
4392,1
2063,0
8301,0
9013,1
9329,1
5169,1
4429,0
1281,1
3381,0
2636,1
3328,0
6436,1
5018,0
7324,0
3795,0
2663,0
8282,0
1282,0
4148,0
1362,0
1437,1
9628,0
3441,1
56,1
4597,0
8479,1
5365,0
1844,0
5515,0
8573,1
6263,1
2880,0
1743,0
8398,1
4169,0
5197,0
8993,1
740,0
9066,1
1624,1
524,0
7999,0
4419,0
5426,0
6689,1
7382,0
435,0
2960,1
308,0
1565,1
2631,0
5597,1
9477,1
401,0
3826,0
881,0
3997,0
7118,1
3265,0
8406,1
5009,0
5736,0
5554,0
288,0
5564,0
8324,1
2623,0
8859,1
476,0
8591,1
9713,1
6522,1
3111,0
9470,1
737,0
3133,1
8047,0
6551,1
5407,0
5563,0
5328,1
6718,1
5118,0
4619,0
3689,0
7716,0
1839,1
1995,0
2399,0
6510,1
9356,1
4119,0
5894,0
800,0
8423,1
7680,0
1405,0
5431,0
69,1
9543,1
2759,1
8294,1
1586,1
6666,1
8014,1
1074,0
3063,0
6487,1
4705,0
